{
   "volmer": {
      "energy": 1.4633185029941287,
      "beta": 0.36680994011993107,
      "fit": 0.9913161463218969,
      "barrier": 1.4633185029941287,
      "barrier_beta": 0.36680994011993107,
      "potentials": "[2.4  2.65 2.9  3.15 3.4  3.9  4.4 ]"
   },
   "tafel": {
      "energy": 1.403392481677135,
      "beta": -0.041501999999945825,
      "fit": 0.30220726924117874,
      "barrier": 1.0673820000000815,
      "barrier_beta": -0.0334979999999632,
      "potentials": "[2.4 2.9 3.4 3.9 4.4]"
   },
   "heyrovsky": {
      "energy": 1.4200392408385993,
      "beta": 0.43691200000002933,
      "fit": 0.9935797846677474,
      "barrier": 1.270742000000042,
      "barrier_beta": 0.4337420000000746,
      "potentials": "[2.4 2.9 3.4 3.9 4.4]"
   },
   "Hydrogen": {
      "energy": 0.18113034625172775,
      "cutoff": 0.0,
      "interaction": 0.188
   }
}