{
   "volmer": {
      "energy": 1.1262512574843129,
      "beta": 0.4374348502988903,
      "fit": 0.9935160719252788,
      "barrier": 1.1262512574843129,
      "barrier_beta": 0.4374348502988903,
      "potentials": "[2.4  2.65 2.9  3.15 3.4  3.9  4.4 ]"
   },
   "tafel": {
      "energy": 0.5733544816766216,
      "beta": -0.09505200000057809,
      "fit": 0.9720983497828874,
      "barrier": 0.6043379999997269,
      "barrier_beta": -0.0536739999999554,
      "potentials": "[2.4 2.9 3.4 3.9 4.4]"
   },
   "heyrovsky": {
      "energy": 2.379293240838291,
      "beta": 0.5920059999996737,
      "fit": 0.996017442743357,
      "barrier": 1.8731000000002096,
      "barrier_beta": 0.519796000000133,
      "potentials": "[2.4 2.9 3.4 3.9 4.4]"
   },
   "Hydrogen": {
      "energy": -0.10273897606351268,
      "cutoff": 0.0,
      "interaction": 0.188
   }
}