{
   "volmer": {
      "energy": 1.5015079999986922,
      "beta": 0.432383999999729,
      "fit": 0.9965386059223308,
      "barrier": 1.5015079999986922,
      "barrier_beta": 0.432383999999729,
      "potentials": "[2.4  2.65 2.9  3.15 3.4  3.9  4.4 ]"
   },
   "tafel": {
      "energy": 1.8986404816770364,
      "beta": -0.05500600000013945,
      "fit": 0.9179664436491933,
      "barrier": 0.7314300000003569,
      "barrier_beta": 0.0042699999990873025,
      "potentials": "[2.4 2.9 3.4 3.9 4.4]"
   },
   "heyrovsky": {
      "energy": 1.5585732408389446,
      "beta": 0.3397480000006907,
      "fit": 0.9833860402519715,
      "barrier": 0.9894100000006584,
      "barrier_beta": 0.34301800000030186,
      "potentials": "[2.4 2.9 3.4 3.9 4.4]"
   },
   "Hydrogen": {
      "energy": 0.5770586721122233,
      "cutoff": 0.0,
      "interaction": 0.188
   }
}