{
   "volmer": {
      "energy": 1.2715114371254743,
      "beta": 0.4916912574847949,
      "fit": 0.9903393733124496,
      "barrier": 1.2715114371254743,
      "barrier_beta": 0.4916912574847949,
      "potentials": "[2.4  2.65 2.9  3.15 3.4  3.9  4.4 ]"
   },
   "tafel": {
      "energy": 0.5417624816768939,
      "beta": 0.019578000000001334,
      "fit": 0.46058908072425575,
      "barrier": 0.9717579999998562,
      "barrier_beta": -0.010235999999713382,
      "potentials": "[2.4 2.9 3.4 3.9 4.4]"
   },
   "heyrovsky": {
      "energy": 1.5375192408382132,
      "beta": 0.5843240000000149,
      "fit": 0.9981557131205245,
      "barrier": 1.6388019999998285,
      "barrier_beta": 0.4949180000001432,
      "potentials": "[2.4 2.9 3.4 3.9 4.4]"
   },
   "Hydrogen": {
      "energy": -0.17547920549771545,
      "cutoff": 0.0,
      "interaction": 0.188
   }
}