{
   "volmer": {
      "energy": 1.3580155688623585,
      "beta": 0.5067086227544769,
      "fit": 0.989183883176691,
      "barrier": 1.3580155688623585,
      "barrier_beta": 0.5067086227544769,
      "potentials": "[2.4  2.65 2.9  3.15 3.4  3.9  4.4 ]"
   },
   "tafel": {
      "energy": 0.4580264816769404,
      "beta": -0.08947600000046803,
      "fit": 0.9854187797163975,
      "barrier": 0.7238159999997079,
      "barrier_beta": -0.09855399999996733,
      "potentials": "[2.4 2.9 3.4 3.9 4.4]"
   },
   "heyrovsky": {
      "energy": 2.0495332408383033,
      "beta": 0.5391239999997196,
      "fit": 0.9920049253718166,
      "barrier": 1.5218679999997913,
      "barrier_beta": 0.5381779999999706,
      "potentials": "[2.4 2.9 3.4 3.9 4.4]"
   },
   "Hydrogen": {
      "energy": -0.08142184983683576,
      "cutoff": 0.0,
      "interaction": 0.188
   }
}