metal,dedge
Ag,-3.076923
Au,-1.87912
Cu,-1.505494
Co,-0.65934
Pd,0.10439
Ni,0.3186813
Pt,0.241758
Rh,0.730769
Ir,0.96153846
