{
   "volmer": {
      "energy": 1.064189101795968,
      "beta": 0.48505796407123536,
      "fit": 0.9873132129224791,
      "barrier": 1.064189101795968,
      "barrier_beta": 0.48505796407123536,
      "potentials": "[2.4  2.65 2.9  3.15 3.4  3.9  4.4 ]"
   },
   "tafel": {
      "energy": 0.6133684816767773,
      "beta": -0.1293080000010377,
      "fit": 0.8123375937824148,
      "barrier": 0.8185159999995377,
      "barrier_beta": -0.11850000000013095,
      "potentials": "[2.4 2.9 3.4 3.9 4.4]"
   },
   "heyrovsky": {
      "energy": 1.739875240837995,
      "beta": 0.5866619999997055,
      "fit": 0.9728485698710474,
      "barrier": 2.001249999999869,
      "barrier_beta": 0.5903980000006412,
      "potentials": "[2.4 2.9 3.4 3.9 4.4]"
   },
   "Hydrogen": {
      "energy": -0.07561274353577785,
      "cutoff": 0.0,
      "interaction": 0.188
   }
}