metal,PZC,vac_Htop,vac_HBE,i0
Ag,3.74686,1.11355,0.589518,-8.47256821648078
Au,4.39119,0.830559,0.613606,-7.64606472766145
Cu,3.81213,0.859023,0.206544,-7.21347480918082
Ir,4.70924,-0.0898363,0.0267147,-1.21897863939859
Ni,4.39851,0.41088,-0.171255,-3.94406589123372
Pd,4.45947,0.342286,-0.150335,-3.43354742555764
Pt,5.11356,-0.0815594,-0.0882056,0.104896624386409
Rh,4.17753,0.212777,-0.0535726,-3.64768650972731
