{
   "volmer": {
      "energy": 1.5052198802396872,
      "beta": 0.3332223952095549,
      "fit": 0.9688913277169527,
      "barrier": 1.5052198802396872,
      "barrier_beta": 0.3332223952095549,
      "potentials": "[2.4  2.65 2.9  3.15 3.4  3.9  4.4 ]"
   },
   "tafel": {
      "energy": 1.9611544816770465,
      "beta": 0.22124600000024652,
      "fit": 0.6115102120106629,
      "barrier": 0.979293999999929,
      "barrier_beta": 0.005200000000149884,
      "potentials": "[2.4 2.9 3.4 3.9 4.4]"
   },
   "heyrovsky": {
      "energy": 1.4430492408387579,
      "beta": 0.5321900000002642,
      "fit": 0.8983391296029853,
      "barrier": 0.8389680000001828,
      "barrier_beta": 0.4113220000002911,
      "potentials": "[2.4 2.9 3.4 3.9 4.4]"
   },
   "Hydrogen": {
      "energy": 0.5527997605244015,
      "cutoff": 0.0,
      "interaction": 0.188
   }
}