{
   "volmer": {
      "energy": 1.1253340000001555,
      "beta": 0.29920799999999875,
      "fit": 0.9903492687779877,
      "barrier": 1.1253340000001555,
      "barrier_beta": 0.29920799999999875,
      "potentials": "[2.4  2.65 2.9  3.15 3.4  3.9  4.4 ]"
   },
   "tafel": {
      "energy": 0.6959944816771912,
      "beta": -0.07850400000015725,
      "fit": 0.9684171553655283,
      "barrier": 1.0407150000001066,
      "barrier_beta": -0.02675200000003315,
      "potentials": "[2.4 2.9 3.4 3.9]"
   },
   "heyrovsky": {
      "energy": 1.4423722408386255,
      "beta": 0.3981040000000576,
      "fit": 0.9996488442199336,
      "barrier": 1.6559649999999473,
      "barrier_beta": 0.4322079999999914,
      "potentials": "[2.4 2.9 3.4 3.9]"
   },
   "Hydrogen": {
      "energy": -0.18538673751584822,
      "cutoff": 0.0,
      "interaction": 0.188
   }
}